keyword_or_query_pattern,primary_intent,cluster_id,target_url,url_type,primary_keyword,secondary_keywords,canonical_owner,indexability,status
lumi pet / lumi pet bình thạnh,NAVIGATIONAL,BRAND,/mimi/,homepage,lumi pet bình thạnh,lumi pet; spa hotel thú cưng,YES,index,KEEP
spa thú cưng + bình thạnh,LOCAL_TRANSACTIONAL,SPA,/mimi/spa-thu-cung-binh-thanh/,service,spa thú cưng bình thạnh,spa chó mèo bình thạnh; tắm chó bình thạnh; tắm mèo bình thạnh,YES,index,BUILD_LAUNCH
grooming / cắt tỉa + bình thạnh,LOCAL_TRANSACTIONAL,GROOMING,/mimi/grooming-cho-meo-binh-thanh/,service,grooming chó bình thạnh,cắt tỉa lông chó bình thạnh,YES,index,BUILD_LAUNCH
khách sạn / gửi chó mèo + bình thạnh,LOCAL_TRANSACTIONAL,HOTEL,/mimi/khach-san-thu-cung-binh-thanh/,service,khách sạn thú cưng bình thạnh,khách sạn chó mèo bình thạnh; gửi chó mèo bình thạnh,YES,index,BUILD_LAUNCH
bảng giá spa / giá tắm chó mèo,COMMERCIAL,PRICE,/mimi/bang-gia-spa-thu-cung/,pricing,bảng giá spa thú cưng,giá tắm chó; giá tắm mèo; spa thú cưng giá bao nhiêu,YES,index,BUILD_LAUNCH
đặt lịch spa / book spa,TRANSACTIONAL,BOOK_SPA,/mimi/dat-lich/,tool,đặt lịch spa thú cưng,book spa chó mèo,YES,index,BUILD_LAUNCH
đặt phòng / book hotel thú cưng,TRANSACTIONAL,BOOK_HOTEL,/mimi/dat-phong/,tool,đặt phòng thú cưng,book khách sạn thú cưng,YES,index,BUILD_LAUNCH
lumi pet địa chỉ / số điện thoại,NAVIGATIONAL,CONTACT,/mimi/lien-he/,contact,lumi pet địa chỉ,lumi pet số điện thoại; lumi pet hotline,YES,index,BUILD_LAUNCH
lumi pet là ai / giới thiệu,INFORMATIONAL,ABOUT,/mimi/gioi-thieu/,about,lumi pet,lumi pet spa hotel,YES,index,BUILD_LAUNCH
